t	c	total	notnull	meaningful	distinct_n
dig_advertising_account	id	12614	12614	12614	12614
dig_advertising_account	customer_id	12614	12614	12614	278
dig_advertising_account	subject_id	12614	12614	12614	1790
dig_advertising_account	shop_id	12614	12614	12614	7907
dig_advertising_account	account_no	12614	12614	12614	12468
dig_advertising_account	account_name	12614	12614	12614	12128
dig_advertising_account	currencymoney	12614	12614	253	177
dig_advertising_account	incentives	12614	12614	0	1
dig_advertising_account	returnmoney	12614	12614	0	1
dig_advertising_account	service_id	12614	12614	0	1
dig_advertising_account	service_name	12614	3562	0	1
dig_advertising_account	remark	12614	12541	12541	4
dig_advertising_account	revision	12614	12614	253	28
dig_advertising_account	create_by	12614	11307	11307	7
dig_advertising_account	create_time	12614	12614	12614	268
dig_advertising_account	update_by	12614	860	860	11
dig_advertising_account	update_time	12614	860	860	373
dig_advertising_account	del_flag	12614	12614	0	1
dig_advertising_account	type	12614	12614	12614	6
dig_advertising_account	run_status	12614	12614	0	1
dig_advertising_account	editor_id	12614	12614	0	1
dig_advertising_account	editor_name	12614	12614	0	1
dig_advertising_account	account_ratio	12614	14	5	4
dig_advertising_account	ks_agentId	12614	12614	8985	2
dig_advertising_account	supplier_id	12614	12614	12614	17
dig_advertising_account	dy_agentId	12614	12614	12614	1
dig_advertising_account	secondary_industry	12614	2681	2681	105
dig_advertising_account	primary_industry	12614	2681	2681	23
dig_advertising_account	consume	12614	12614	799	764
dig_advertising_account	after_ratio	12614	13	0	1
dig_advertising_account	customer_type	12614	12614	12614	2
dig_advertising_account	original_subjectid	12614	12614	3542	986
dig_advertising_account	advertiser_id	12614	3489	0	1
dig_advertising_account	account_service_point	12614	0	0	0
dig_advertising_account	data_type	12614	12614	12614	2
dig_adveracoount_recharge	id	1283	1283	1283	1283
dig_adveracoount_recharge	cashrecharge_id	1283	1283	15	16
dig_adveracoount_recharge	customer_id	1283	1283	1283	101
dig_adveracoount_recharge	adveraccount_id	1283	1283	1283	253
dig_adveracoount_recharge	cash_recharge	1283	1283	1283	263
dig_adveracoount_recharge	currency_recharge	1283	1283	1283	215
dig_adveracoount_recharge	credit_pay	1283	1283	1229	257
dig_adveracoount_recharge	cash_pay	1283	1283	65	54
dig_adveracoount_recharge	opentypes	1283	1283	1283	1
dig_adveracoount_recharge	service_charge	1283	1283	0	1
dig_adveracoount_recharge	supplier_id	1283	1283	1283	11
dig_adveracoount_recharge	supplier_name	1283	1280	1280	12
dig_adveracoount_recharge	actual_expenditure	1283	1283	1280	217
dig_adveracoount_recharge	supplier_accountid	1283	1283	0	1
dig_adveracoount_recharge	supplier_ratio	1283	1283	1280	2
dig_adveracoount_recharge	payment_types	1283	1283	0	1
dig_adveracoount_recharge	approval_state	1283	1283	1283	2
dig_adveracoount_recharge	confirm_userid	1283	1283	1283	7
dig_adveracoount_recharge	complete_time	1283	1283	1283	1151
dig_adveracoount_recharge	cash_balance	1283	1283	0	1
dig_adveracoount_recharge	credit_usemoney	1283	1283	1263	1040
dig_adveracoount_recharge	account_balance	1283	1283	1280	850
dig_adveracoount_recharge	remark	1283	248	0	1
dig_adveracoount_recharge	revision	1283	1283	1283	1
dig_adveracoount_recharge	create_by	1283	1283	1283	7
dig_adveracoount_recharge	create_time	1283	1283	1283	1283
dig_adveracoount_recharge	update_by	1283	1280	1280	6
dig_adveracoount_recharge	update_time	1283	1280	1280	1148
dig_adveracoount_recharge	datatypes	1283	1283	0	1
dig_adveracoount_recharge	service_id	1283	1283	0	1
dig_adveracoount_recharge	service_name	1283	794	0	1
dig_adveracoount_recharge	before_ratio	1283	1283	1129	21
dig_adveracoount_recharge	sale_id	1283	1283	1282	9
dig_adveracoount_recharge	sale_name	1283	1283	1282	9
dig_adveracoount_recharge	merge_id	1283	1283	0	1
dig_adveracoount_recharge	sync_state	1283	1283	1084	2
dig_adveracoount_recharge	ks_reason	1283	1084	1084	1084
dig_adveracoount_recharge	sync_time	1283	1084	1084	1084
dig_adveracoount_recharge	account_ratio	1283	1283	1091	22
dig_adveracoount_recharge	supplement_state	1283	1283	25	2
dig_adveracoount_recharge	supplement_date	1283	25	25	16
dig_adveracoount_recharge	wallet_json	1283	1270	1270	168
dig_adveracoount_recharge	del_flag	1283	1283	0	1
dig_adveracoount_recharge	after_ratio	1283	1283	101	11
dig_adveracoount_recharge	refuse_reason	1283	1	1	1
dig_adveracoount_recharge	account	1283	0	0	0
dig_adveracoount_recharge	after_ratio_last	1283	1232	101	11
dig_adveracoount_recharge	capital_type	1283	1283	1283	1
dig_adveracoount_recharge	tags	1283	1283	1101	2
dig_adveracoount_recharge	source	1283	1268	1268	2
dig_adveracoount_recharge	monetary_credit_pay	1283	1283	0	1
dig_adveracoount_recharge	monetary_credituse	1283	1283	0	1
dig_adveracoount_recharge	credit_datatype	1283	1283	1283	1
dig_adveracoount_recharge	wallet_key	1283	1270	1270	6
dig_supplier	id	20	20	20	20
dig_supplier	supplier_name	20	20	20	20
dig_supplier	returnratio	20	20	0	1
dig_supplier	types	20	20	20	3
dig_supplier	remark	20	10	10	9
dig_supplier	arrears	20	20	11	12
dig_supplier	revision	20	20	11	8
dig_supplier	create_by	20	2	2	1
dig_supplier	create_time	20	19	19	15
dig_supplier	update_by	20	11	11	3
dig_supplier	update_time	20	14	14	12
dig_supplier	del_flag	20	20	0	1
dig_supplier	pay_type	20	20	20	1
dig_supplier	ks_agentId	20	20	0	1
dig_supplier	dy_agentId	20	20	2	3
dig_supplier	account_type	20	20	2	3
dig_supplier	suppliertype	20	20	20	2
dig_supplier	apiprevfix	20	0	0	0
dig_supplier	first_userId	20	20	0	1
dig_supplier	first_userpwd	20	0	0	0
dig_supplier	first_customerId	20	20	0	1
dig_supplier	first_supplierId	20	20	0	1
dig_supplier	main_wallet_id	20	3	1	2
dig_supplier	sendmsg	20	20	20	1
dig_supplier	threshold	20	20	1	2
dig_supplier	remind_userid	20	2	1	2
dig_supplier	last_consume_date	20	2	2	1
dig_supplier	media_balance	20	20	2	3
dig_supplier	media_balancejson	20	2	2	2
dig_cashrecharge	id	145	145	145	145
dig_cashrecharge	customer_id	145	145	145	54
dig_cashrecharge	customer_name	145	145	145	52
dig_cashrecharge	money	145	145	145	49
dig_cashrecharge	retype	145	145	0	1
dig_cashrecharge	payer	145	137	137	71
dig_cashrecharge	pay_time	145	144	144	144
dig_cashrecharge	payment_voucher	145	143	143	143
dig_cashrecharge	account_id	145	145	145	4
dig_cashrecharge	account_no	145	145	145	6
dig_cashrecharge	account_name	145	145	145	5
dig_cashrecharge	approval_state	145	145	2	2
dig_cashrecharge	confirm_userid	145	145	2	2
dig_cashrecharge	complete_time	145	2	2	1
dig_cashrecharge	cash_balance	145	145	0	1
dig_cashrecharge	credit_usemoney	145	145	2	3
dig_cashrecharge	remark	145	145	0	1
dig_cashrecharge	revision	145	145	6	4
dig_cashrecharge	create_by	145	145	145	2
dig_cashrecharge	create_time	145	145	145	145
dig_cashrecharge	update_by	145	2	2	1
dig_cashrecharge	update_time	145	7	7	6
dig_cashrecharge	serialnum	145	145	2	2
dig_cashrecharge	commission	145	145	0	1
dig_cashrecharge	all_send_out	145	145	0	1
dig_cashrecharge	sale_id	145	145	145	5
dig_cashrecharge	sale_name	145	145	145	5
dig_cashrecharge	before_ratio	145	145	4	3
dig_cashrecharge	statement_id	145	145	2	3
dig_cashrecharge	first_order_num	145	145	0	1
dig_cashrecharge	del_flag	145	145	1	2
dig_cashrecharge	first_order_price	145	145	0	1
dig_cashrecharge	wallet_json	145	134	134	96
dig_cashrecharge	commission_ratio	145	145	0	1
dig_cashrecharge	recharge_flag	145	145	0	1
dig_cashrecharge	invoice_flag	145	145	0	1
dig_cashrecharge	tag	145	145	145	1
dig_cashrecharge	service_charge	145	145	0	1
dig_accountopen_apply	id	189	189	189	189
dig_accountopen_apply	subject_name	189	189	189	141
dig_accountopen_apply	shop_no	189	158	157	121
dig_accountopen_apply	account_type	189	189	187	10
dig_accountopen_apply	add_num	189	189	189	11
dig_accountopen_apply	category	189	186	186	40
dig_accountopen_apply	cid	189	0	0	0
dig_accountopen_apply	customer_name	189	189	189	90
dig_accountopen_apply	depname	189	0	0	0
dig_accountopen_apply	applyname	189	189	189	11
dig_accountopen_apply	manager	189	151	151	8
dig_accountopen_apply	reply	189	189	189	22
dig_accountopen_apply	reply_date	189	189	189	189
dig_accountopen_apply	reply_userid	189	189	189	5
dig_accountopen_apply	reply_username	189	189	189	7
dig_accountopen_apply	state	189	189	189	2
dig_accountopen_apply	create_by	189	189	189	10
dig_accountopen_apply	create_time	189	189	189	183
dig_accountopen_apply	shop_name	189	158	157	120
dig_accountopen_apply	data_type	189	189	189	2
dig_accountopen_apply	supplier_name	189	68	68	9
dig_accountopen_apply	customer_type	189	189	10	3
dig_accountopen_apply	account_nos	189	170	170	170
dig_accountopen_apply	customer_id	189	189	186	96
dig_accountopen_apply	remark	189	48	43	37
dig_customer	id	319	319	319	319
dig_customer	types	319	319	319	5
dig_customer	customer_no	319	4	4	4
dig_customer	customer_name	319	319	319	265
dig_customer	contact_name	319	316	130	41
dig_customer	tel	319	132	132	34
dig_customer	before_ratio	319	319	7	8
dig_customer	credit_money	319	319	207	6
dig_customer	credit_usemoney	319	319	96	84
dig_customer	balance	319	319	11	11
dig_customer	total_recharge	319	319	101	87
dig_customer	total_consume	319	319	30	31
dig_customer	sale_id	319	319	315	11
dig_customer	sale_name	319	316	315	11
dig_customer	service_id	319	319	0	1
dig_customer	service_name	319	0	0	0
dig_customer	status	319	319	101	2
dig_customer	remark	319	4	2	2
dig_customer	revision	319	319	109	31
dig_customer	create_by	319	315	315	12
dig_customer	create_time	319	315	315	138
dig_customer	update_by	319	126	126	9
dig_customer	update_time	319	126	126	114
dig_customer	del_flag	319	319	0	1
dig_customer	payer	319	213	1	2
dig_customer	service_balance	319	319	0	1
dig_customer	service_point	319	319	0	1
dig_customer	is_sea	319	319	0	1
dig_customer	sea_type	319	0	0	0
dig_customer	sea_region	319	0	0	0
dig_customer	sea_account_no	319	0	0	0
dig_customer	sea_account_nickname	319	0	0	0
dig_customer	sea_subject_name	319	0	0	0
dig_customer	sea_legal_person	319	0	0	0
dig_customer	sea_industry	319	0	0	0
dig_customer	sea_category	319	0	0	0
dig_customer	sea_product	319	0	0	0
dig_customer	sea_store_sales	319	0	0	0
dig_customer	sea_numoffans	319	0	0	0
dig_customer	sea_wechat_name	319	0	0	0
dig_customer	sea_license_name	319	0	0	0
dig_customer	sea_license_tel	319	0	0	0
dig_customer	sea_other_contact	319	0	0	0
dig_customer	sea_remarks	319	0	0	0
dig_customer	sea_add_time	319	0	0	0
dig_customer	sea_live_mode	319	0	0	0
dig_customer	customer_status	319	319	0	1
dig_customer	updatestatus_time	319	0	0	0
dig_customer	first_cooperation_time	319	0	0	0
dig_customer	new_orderfirst_pay	319	319	0	1
dig_customer	new_orderfirst_consume	319	319	0	1
dig_customer	last_return_time	319	2	2	2
dig_customer	return_type	319	319	207	4
dig_customer	return_value	319	319	207	2
dig_customer	return_money	319	319	82	73
dig_customer	next_return_time	319	207	207	123
dig_customer	is_brand	319	319	0	1
dig_customer	account_infojson	319	319	319	179
dig_customer	temp_credit_money	319	319	0	1
dig_customer	trans_ratio	319	319	0	1
dig_customer	consume_prev	319	319	84	85
dig_customer	consume_current	319	319	90	91
dig_customer	consume	319	319	90	89
dig_customer	cycle_return_time	319	207	207	123
dig_customer	after_ratio	319	319	1	2
dig_customer	after_currency	319	319	12	13
dig_customer	wallet_status	319	319	223	2
dig_customer	monetary_credit	319	319	0	1
dig_customer	monetary_credituse	319	319	0	1
dig_customer	credit_datatype	319	319	319	1
dig_customer	account_num	319	319	278	86
dig_customer	credit_limit_type	319	319	207	3
dig_shop	id	8244	8244	8244	8244
dig_shop	customer_id	8244	8244	8244	281
dig_shop	subject_id	8244	8244	8244	1800
dig_shop	shop_name	8244	8244	8244	4082
dig_shop	shop_no	8244	8244	8244	7980
dig_shop	serveice_id	8244	0	0	0
dig_shop	service_name	8244	0	0	0
dig_shop	sale_id	8244	386	385	7
dig_shop	sale_name	8244	386	385	7
dig_shop	remark	8244	11	11	3
dig_shop	revision	8244	8244	5	4
dig_shop	create_by	8244	7401	7401	10
dig_shop	create_time	8244	8244	8244	197
dig_shop	update_by	8244	52	52	7
dig_shop	update_time	8244	52	52	52
dig_shop	del_flag	8244	8244	0	1
dig_shop	ks_agentId	8244	8244	0	1
dig_shop	supplier_id	8244	8244	8240	18
dig_shop	account_infojson	8244	8244	8244	95
dig_customer_subject	id	1812	1812	1812	1812
dig_customer_subject	customer_id	1812	1812	1812	283
dig_customer_subject	contact_name	1812	1642	12	7
dig_customer_subject	contact_tel	1812	1639	10	7
dig_customer_subject	subject_name	1812	1812	1812	1725
dig_customer_subject	create_by	1812	966	966	10
dig_customer_subject	create_time	1812	1812	1812	194
dig_customer_subject	update_by	1812	230	230	8
dig_customer_subject	update_time	1812	230	230	230
dig_customer_subject	remark	1812	965	962	7
dig_customer_subject	del_flag	1812	1812	0	1
dig_customer_subject	supplier_id	1812	1812	1812	16
dig_customer_subject	account_infojson	1812	1812	1812	127
dig_customer_subject	ks_agentId	1812	1812	0	1
dig_customer_subject	isapi	1812	1812	965	2
